<resources>
    <string name="app_name">Book Hub</string>
    <string name="dashboard">Dashboard</string>
    <string name="favourites">Favourites</string>
    <string name="about_us">About Us</string>
    <string name="profile">Profile</string>
    <string name="open_drawer">Open Drawer</string>
    <string name="close_drawer">Close Drawer</string>

    <!-- TODO: Remove or change this placeholder text -->
    <string name="hello_blank_fragment">Hello blank fragment</string>
    <string name="dashboard_fragment">dashboard fragment</string>
    <string name="about_us_fragment">About us fragment</string>
    <string name="profile_fragment">profile fragment</string>
</resources>
